Product Name, Price, Rating
Apple iPhone SE (Black, 64 GB),₹35,999,4.5
Apple iPhone SE (White, 64 GB),₹35,999,4.5
Apple iPhone SE (Red, 64 GB),₹35,999,4.5
Apple iPhone XR (Black, 64 GB),₹44,999,4.6
Apple iPhone XR (White, 64 GB),₹44,999,4.6
Apple iPhone XR ((PRODUCT)RED, 64 GB),₹44,999,4.6
Apple iPhone SE (Black, 128 GB),₹40,999,4.5
Apple iPhone SE (Red, 128 GB),₹40,999,4.5
Apple iPhone SE (White, 128 GB),₹40,999,4.5
Apple iPhone XR (Blue, 64 GB),₹44,999,4.6
Apple iPhone XR (Black, 128 GB),₹50,999,4.6
Apple iPhone XR (Coral, 64 GB),₹44,999,4.6
Apple iPhone XR ((PRODUCT)RED, 128 GB),₹50,999,4.6
Apple iPhone 7 (Black, 32 GB),₹29,499,4.5
Apple iPhone XR (White, 128 GB),₹50,999,4.6
Apple iPhone 7 Plus (Black, 32 GB),₹35,999,4.5
Apple iPhone 7 (Silver, 32 GB),₹29,499,4.5
Apple iPhone XR (Coral, 128 GB),₹50,999,4.6
Apple iPhone 11 (Black, 64 GB),₹68,300,4.7
Apple iPhone 11 (White, 128 GB),₹73,600,4.7
Apple iPhone XR (Blue, 128 GB),₹50,999,4.6
Apple iPhone XR (Yellow, 64 GB),₹44,999,4.6
Apple iPhone SE (Red, 256 GB),₹50,999,4.5
Apple iPhone SE (Black, 256 GB),₹50,999,4.5
